{
  "src/test/java/com/shipmonk/testingday/TestingdayExchangeRatesApplicationTests.java": 1777559159.0583332,
  "src/main/java/com/shipmonk/testingday/ExchangeRatesController.java": 1777559159.057718,
  "src/main/java/com/shipmonk/testingday/TestingdayExchangeRatesApplication.java": 1777559159.057811,
  "ASSIGNMENT.md": 1777559520.639878,
  "CLAUDE.md": 1777613097.8584192,
  "graphify-out/graph.html": 1777614171.4920728,
  "graphify-out/GRAPH_REPORT.md": 1777614150.3048244
}